draw_no,day,date,datediff,days_till_nextdraw,,
1,Mon,18-Nov-19,0,1064,,
1,Thu,21-Nov-19,3,1061,,
1,Mon,2-Dec-19,11,1050,,
1,Mon,23-Dec-19,21,1029,,17-Oct-22
1,Fri,17-Jan-20,25,1004,,
1,Thu,12-Mar-20,55,949,,
1,Mon,30-Mar-20,18,931,,
1,Mon,6-Jul-20,98,833,,
1,Mon,20-Jul-20,14,819,,
1,Mon,3-Aug-20,14,805,,
1,Mon,17-Aug-20,14,791,,
1,Mon,24-Aug-20,7,784,,
1,Thu,17-Sep-20,24,760,,
1,Mon,12-Oct-20,25,735,,
1,Mon,16-Nov-20,35,700,,
1,Mon,23-Nov-20,7,693,,
1,Thu,3-Dec-20,10,683,,
1,Thu,7-Jan-21,35,648,,
1,Thu,18-Feb-21,42,606,,
1,Thu,3-Jun-21,105,501,,
1,Thu,10-Jun-21,7,494,,
1,Thu,24-Jun-21,14,480,,
1,Thu,22-Jul-21,28,452,,
1,Thu,29-Jul-21,7,445,,
1,Thu,19-Aug-21,21,424,,
1,Mon,6-Sep-21,18,406,,
1,Thu,7-Oct-21,31,375,,
1,Thu,18-Nov-21,42,333,,
1,Mon,22-Nov-21,4,329,,
1,Mon,29-Nov-21,7,322,,
1,Thu,9-Dec-21,10,312,,
1,Thu,23-Dec-21,14,298,,
1,Mon,24-Jan-22,32,266,,
1,Mon,7-Feb-22,14,252,,
1,Thu,17-Feb-22,10,242,,
1,Mon,21-Feb-22,4,238,,
1,Mon,28-Feb-22,7,231,,
1,Thu,10-Mar-22,10,221,,
1,Mon,21-Mar-22,11,210,,
1,Thu,31-Mar-22,10,200,,
1,Thu,7-Apr-22,7,193,,
1,Mon,11-Jul-22,95,98,,
1,Thu,28-Jul-22,17,81,,
1,Thu,1-Sep-22,35,46,,
1,Thu,8-Sep-22,7,39,,
1,Mon,19-Sep-22,11,28,,
2,Thu,17-Oct-19,0,1096,,
2,Thu,14-Nov-19,28,1068,,
2,Thu,5-Dec-19,21,1047,,
2,Thu,12-Dec-19,7,1040,,
2,Mon,6-Jan-20,25,1015,,
2,Mon,13-Jan-20,7,1008,,
2,Mon,16-Mar-20,63,945,,
2,Mon,17-Aug-20,154,791,,
2,Thu,27-Aug-20,10,781,,
2,Mon,14-Sep-20,18,763,,
2,Thu,8-Oct-20,24,739,,
2,Mon,26-Oct-20,18,721,,
2,Mon,16-Nov-20,21,700,,
2,Thu,26-Nov-20,10,690,,
2,Mon,30-Nov-20,4,686,,
2,Mon,18-Jan-21,49,637,,
2,Thu,18-Mar-21,59,578,,
2,Mon,22-Mar-21,4,574,,
2,Mon,26-Apr-21,35,539,,
2,Thu,29-Apr-21,3,536,,
2,Thu,13-May-21,14,522,,
2,Thu,12-Aug-21,91,431,,
2,Fri,21-Jan-22,162,269,,
2,Mon,11-Apr-22,80,189,,
2,Thu,16-Jun-22,66,123,,
2,Thu,30-Jun-22,14,109,,
2,Mon,4-Jul-22,4,105,,
2,Mon,25-Jul-22,21,84,,
2,Thu,28-Jul-22,3,81,,
2,Mon,8-Aug-22,11,70,,
2,Thu,18-Aug-22,10,60,,
2,Thu,13-Oct-22,56,4,,
3,Mon,4-Nov-19,0,1078,,
3,Mon,11-Nov-19,7,1071,,
3,Mon,25-Nov-19,14,1057,,
3,Mon,30-Dec-19,35,1022,,
3,Mon,13-Jan-20,14,1008,,
3,Mon,27-Jan-20,14,994,,
3,Thu,12-Mar-20,45,949,,
3,Mon,29-Jun-20,109,840,,
3,Thu,2-Jul-20,3,837,,
3,Mon,3-Aug-20,32,805,,
3,Thu,17-Sep-20,45,760,,
3,Thu,8-Oct-20,21,739,,
3,Mon,2-Nov-20,25,714,,
3,Thu,5-Nov-20,3,711,,
3,Thu,19-Nov-20,14,697,,
3,Mon,30-Nov-20,11,686,,
3,Mon,11-Jan-21,42,644,,
3,Mon,22-Feb-21,42,602,,
3,Thu,22-Apr-21,59,543,,
3,Thu,27-May-21,35,508,,
3,Thu,15-Jul-21,49,459,,
3,Mon,26-Jul-21,11,448,,
3,Thu,5-Aug-21,10,438,,
3,Thu,19-Aug-21,14,424,,
3,Thu,2-Sep-21,14,410,,
3,Mon,20-Sep-21,18,392,,
3,Thu,28-Oct-21,38,354,,
3,Mon,22-Nov-21,25,329,,
3,Mon,27-Dec-21,35,294,,
3,Fri,7-Jan-22,11,283,,
3,Thu,13-Jan-22,6,277,,
3,Thu,24-Mar-22,70,207,,
3,Mon,13-Jun-22,81,126,,
3,Mon,4-Jul-22,21,105,,
3,Mon,18-Jul-22,14,91,,
3,Mon,1-Aug-22,14,77,,
3,Thu,25-Aug-22,24,53,,
3,Thu,22-Sep-22,28,25,,
4,Mon,14-Oct-19,0,1099,,
4,Thu,21-Nov-19,38,1061,,
4,Mon,16-Dec-19,25,1036,,
4,Mon,13-Jan-20,28,1008,,
4,Mon,9-Mar-20,56,952,,
4,Thu,2-Apr-20,24,928,,
4,Thu,23-Jul-20,112,816,,
4,Mon,27-Jul-20,4,812,,
4,Thu,3-Sep-20,38,774,,
4,Thu,24-Sep-20,21,753,,
4,Mon,21-Dec-20,88,665,,
4,Mon,4-Jan-21,14,651,,
4,Mon,1-Feb-21,28,623,,
4,Thu,18-Feb-21,17,606,,
4,Thu,25-Mar-21,35,571,,
4,Mon,12-Apr-21,18,553,,
4,Thu,6-May-21,24,529,,
4,Thu,13-May-21,7,522,,
4,Thu,1-Jul-21,49,473,,
4,Mon,19-Jul-21,18,455,,
4,Thu,2-Sep-21,45,410,,
4,Mon,25-Oct-21,53,357,,
4,Mon,20-Dec-21,56,301,,
4,Thu,30-Dec-21,10,291,,
4,Mon,17-Jan-22,18,273,,
4,Fri,21-Jan-22,4,269,,
4,Thu,17-Feb-22,27,242,,
4,Thu,24-Feb-22,7,235,,
4,Thu,31-Mar-22,35,200,,
4,Thu,14-Apr-22,14,186,,
4,Thu,21-Jul-22,98,88,,
4,Thu,18-Aug-22,28,60,,
4,Mon,29-Aug-22,11,49,,
4,Mon,5-Sep-22,7,42,,
4,Thu,13-Oct-22,38,4,,
5,Mon,14-Oct-19,0,1099,,
5,Mon,21-Oct-19,7,1092,,
5,Mon,28-Oct-19,7,1085,,
5,Thu,7-Nov-19,10,1075,,
5,Thu,13-Feb-20,98,977,,
5,Thu,16-Jul-20,154,823,,
5,Thu,13-Aug-20,28,795,,
5,Mon,28-Sep-20,46,749,,
5,Thu,26-Nov-20,59,690,,
5,Thu,17-Dec-20,21,669,,
5,Thu,24-Dec-20,7,662,,
5,Fri,1-Jan-21,8,654,,
5,Mon,4-Jan-21,3,651,,
5,Mon,11-Jan-21,7,644,,
5,Mon,1-Mar-21,49,595,,
5,Thu,18-Mar-21,17,578,,
5,Thu,13-May-21,56,522,,
5,Mon,17-May-21,4,518,,
5,Mon,14-Jun-21,28,490,,
5,Thu,17-Jun-21,3,487,,
5,Thu,1-Jul-21,14,473,,
5,Thu,15-Jul-21,14,459,,
5,Mon,23-Aug-21,39,420,,
5,Thu,26-Aug-21,3,417,,
5,Thu,9-Sep-21,14,403,,
5,Thu,30-Sep-21,21,382,,
5,Mon,18-Oct-21,18,364,,
5,Thu,11-Nov-21,24,340,,
5,Mon,13-Dec-21,32,308,,
5,Mon,20-Dec-21,7,301,,
5,Mon,31-Jan-22,42,259,,
5,Thu,17-Mar-22,45,214,,
5,Mon,28-Mar-22,11,203,,
5,Thu,28-Apr-22,31,172,,
5,Mon,9-May-22,11,161,,
5,Thu,19-May-22,10,151,,
5,Mon,13-Jun-22,25,126,,
5,Mon,22-Aug-22,70,56,,
5,Thu,25-Aug-22,3,53,,
5,Mon,19-Sep-22,25,28,,
6,Mon,25-Nov-19,0,1057,,
6,Thu,28-Nov-19,3,1054,,
6,Mon,3-Feb-20,67,987,,
6,Mon,13-Jul-20,161,826,,
6,Thu,20-Aug-20,38,788,,
6,Mon,14-Dec-20,116,672,,
6,Thu,28-Jan-21,45,627,,
6,Mon,1-Feb-21,4,623,,
6,Thu,18-Feb-21,17,606,,
6,Mon,22-Feb-21,4,602,,
6,Mon,1-Mar-21,7,595,,
6,Thu,6-May-21,66,529,,
6,Mon,10-May-21,4,525,,
6,Mon,17-May-21,7,518,,
6,Thu,2-Sep-21,108,410,,
6,Mon,13-Sep-21,11,399,,
6,Mon,20-Sep-21,7,392,,
6,Thu,25-Nov-21,66,326,,
6,Thu,2-Dec-21,7,319,,
6,Thu,16-Dec-21,14,305,,
6,Mon,3-Jan-22,18,287,,
6,Thu,13-Jan-22,10,277,,
6,Mon,31-Jan-22,18,259,,
6,Thu,14-Apr-22,73,186,,
6,Mon,25-Apr-22,11,175,,
6,Thu,28-Apr-22,3,172,,
6,Thu,26-May-22,28,144,,
6,Mon,11-Jul-22,46,98,,
6,Mon,25-Jul-22,14,84,,
6,Mon,26-Sep-22,63,21,,
7,Mon,6-Jan-20,0,1015,,
7,Thu,30-Jan-20,24,991,,
7,Thu,13-Feb-20,14,977,,
7,Thu,20-Feb-20,7,970,,
7,Thu,26-Mar-20,35,935,,
7,Mon,30-Mar-20,4,931,,
7,Thu,1-Oct-20,185,746,,
7,Mon,5-Oct-20,4,742,,
7,Thu,8-Oct-20,3,739,,
7,Mon,23-Nov-20,46,693,,
7,Thu,3-Dec-20,10,683,,
7,Mon,7-Dec-20,4,679,,
7,Thu,7-Jan-21,31,648,,
7,Mon,1-Mar-21,53,595,,
7,Thu,8-Apr-21,38,557,,
7,Thu,20-May-21,42,515,,
7,Thu,27-May-21,7,508,,
7,Thu,3-Jun-21,7,501,,
7,Mon,7-Jun-21,4,497,,
7,Mon,21-Jun-21,14,483,,
7,Thu,8-Jul-21,17,466,,
7,Thu,29-Jul-21,21,445,,
7,Thu,21-Oct-21,84,361,,
7,Mon,1-Nov-21,11,350,,
7,Thu,4-Nov-21,3,347,,
7,Mon,8-Nov-21,4,343,,
7,Thu,11-Nov-21,3,340,,
7,Mon,29-Nov-21,18,322,,
7,Mon,6-Dec-21,7,315,,
7,Thu,30-Dec-21,24,291,,
7,Thu,27-Jan-22,28,263,,
7,Thu,17-Mar-22,49,214,,
7,Thu,7-Apr-22,21,193,,
7,Thu,5-May-22,28,165,,
7,Mon,23-May-22,18,147,,
7,Thu,9-Jun-22,17,130,,
7,Thu,16-Jun-22,7,123,,
7,Mon,15-Aug-22,60,63,,
7,Mon,3-Oct-22,49,14,,
8,Mon,4-Nov-19,0,1078,,
8,Thu,26-Dec-19,52,1026,,
8,Mon,10-Feb-20,46,980,,
8,Thu,19-Mar-20,38,942,,
8,Thu,9-Jul-20,112,830,,
8,Mon,26-Oct-20,109,721,,
8,Mon,9-Nov-20,14,707,,
8,Thu,26-Nov-20,17,690,,
8,Thu,3-Dec-20,7,683,,
8,Thu,17-Dec-20,14,669,,
8,Mon,21-Dec-20,4,665,,
8,Fri,1-Jan-21,11,654,,
8,Mon,4-Jan-21,3,651,,
8,Mon,11-Jan-21,7,644,,
8,Thu,21-Jan-21,10,634,,
8,Mon,25-Jan-21,4,630,,
8,Fri,5-Feb-21,11,619,,
8,Mon,22-Feb-21,17,602,,
8,Mon,8-Mar-21,14,588,,
8,Thu,8-Apr-21,31,557,,
8,Mon,19-Apr-21,11,546,,
8,Mon,21-Jun-21,63,483,,
8,Mon,5-Jul-21,14,469,,
8,Mon,26-Jul-21,21,448,,
8,Thu,30-Sep-21,66,382,,
8,Mon,8-Nov-21,39,343,,
8,Fri,7-Jan-22,60,283,,
8,Mon,10-Jan-22,3,280,,
8,Mon,24-Jan-22,14,266,,
8,Thu,3-Mar-22,38,228,,
8,Thu,10-Mar-22,7,221,,
8,Thu,19-May-22,70,151,,
8,Mon,30-May-22,11,140,,
8,Thu,14-Jul-22,45,95,,
8,Mon,29-Aug-22,46,49,,
8,Thu,8-Sep-22,10,39,,
8,Mon,12-Sep-22,4,35,,
8,Mon,10-Oct-22,28,7,,
8,Thu,13-Oct-22,3,4,,
9,Mon,4-Nov-19,0,1078,,
9,Thu,14-Nov-19,10,1068,,
9,Thu,5-Dec-19,21,1047,,
9,Thu,23-Jan-20,49,998,,
9,Mon,3-Feb-20,11,987,,
9,Mon,29-Jun-20,147,840,,
9,Mon,10-Aug-20,42,798,,
9,Thu,13-Aug-20,3,795,,
9,Mon,7-Sep-20,25,770,,
9,Thu,17-Sep-20,10,760,,
9,Mon,19-Oct-20,32,728,,
9,Thu,12-Nov-20,24,704,,
9,Thu,7-Jan-21,56,648,,
9,Mon,25-Jan-21,18,630,,
9,Mon,1-Feb-21,7,623,,
9,Fri,5-Feb-21,4,619,,
9,Mon,8-Feb-21,3,616,,
9,Mon,15-Feb-21,7,609,,
9,Mon,5-Apr-21,49,560,,
9,Thu,8-Apr-21,3,557,,
9,Thu,27-May-21,49,508,,
9,Thu,10-Jun-21,14,494,,
9,Thu,1-Jul-21,21,473,,
9,Thu,8-Jul-21,7,466,,
9,Thu,15-Jul-21,7,459,,
9,Thu,19-Aug-21,35,424,,
9,Thu,16-Sep-21,28,396,,
9,Thu,23-Sep-21,7,389,,
9,Mon,27-Dec-21,95,294,,
9,Fri,11-Feb-22,46,248,,
9,Mon,28-Feb-22,17,231,,
9,Mon,28-Mar-22,28,203,,
9,Mon,4-Jul-22,98,105,,
9,Mon,8-Aug-22,35,70,,
9,Mon,29-Aug-22,21,49,,
9,Mon,5-Sep-22,7,42,,
10,Mon,16-Dec-19,0,1036,,
10,Fri,7-Feb-20,53,983,,
10,Thu,27-Feb-20,20,963,,
10,Mon,23-Mar-20,25,938,,
10,Thu,9-Jul-20,108,830,,
10,Mon,3-Aug-20,25,805,,
10,Thu,6-Aug-20,3,802,,
10,Thu,27-Aug-20,21,781,,
10,Thu,1-Oct-20,35,746,,
10,Mon,5-Oct-20,4,742,,
10,Mon,12-Oct-20,7,735,,
10,Mon,19-Oct-20,7,728,,
10,Thu,29-Oct-20,10,718,,
10,Thu,10-Dec-20,42,676,,
10,Mon,8-Feb-21,60,616,,
10,Thu,11-Feb-21,3,613,,
10,Thu,1-Apr-21,49,564,,
10,Thu,15-Apr-21,14,550,,
10,Mon,19-Apr-21,4,546,,
10,Mon,21-Jun-21,63,483,,
10,Mon,19-Jul-21,28,455,,
10,Mon,16-Aug-21,28,427,,
10,Thu,2-Sep-21,17,410,,
10,Thu,16-Sep-21,14,396,,
10,Mon,20-Sep-21,4,392,,
10,Mon,4-Oct-21,14,378,,
10,Mon,11-Oct-21,7,371,,
10,Thu,14-Oct-21,3,368,,
10,Thu,18-Nov-21,35,333,,
10,Mon,24-Jan-22,67,266,,
10,Mon,31-Jan-22,7,259,,
10,Mon,14-Feb-22,14,245,,
10,Mon,28-Mar-22,42,203,,
10,Thu,31-Mar-22,3,200,,
10,Thu,7-Apr-22,7,193,,
10,Mon,23-May-22,46,147,,
10,Thu,14-Jul-22,52,95,,
10,Mon,1-Aug-22,18,77,,
10,Thu,11-Aug-22,10,67,,
10,Thu,6-Oct-22,56,11,,
10,Mon,10-Oct-22,4,7,,
11,Mon,6-Jan-20,0,1015,,
11,Fri,17-Jan-20,11,1004,,
11,Mon,20-Jan-20,3,1001,,
11,Mon,24-Feb-20,35,966,,
11,Mon,2-Mar-20,7,959,,
11,Mon,9-Mar-20,7,952,,
11,Thu,2-Apr-20,24,928,,
11,Mon,7-Sep-20,158,770,,
11,Mon,14-Sep-20,7,763,,
11,Thu,1-Oct-20,17,746,,
11,Mon,19-Oct-20,18,728,,
11,Thu,22-Oct-20,3,725,,
11,Mon,26-Oct-20,4,721,,
11,Thu,12-Nov-20,17,704,,
11,Mon,23-Nov-20,11,693,,
11,Thu,3-Dec-20,10,683,,
11,Thu,24-Dec-20,21,662,,
11,Thu,21-Jan-21,28,634,,
11,Fri,5-Feb-21,15,619,,
11,Mon,22-Feb-21,17,602,,
11,Thu,4-Mar-21,10,592,,
11,Thu,1-Apr-21,28,564,,
11,Mon,5-Apr-21,4,560,,
11,Mon,17-May-21,42,518,,
11,Mon,24-May-21,7,511,,
11,Fri,7-Jan-22,228,283,,
11,Mon,10-Jan-22,3,280,,
11,Fri,21-Jan-22,11,269,,
11,Mon,7-Feb-22,17,252,,
11,Thu,24-Feb-22,17,235,,
11,Thu,28-Apr-22,63,172,,
11,Thu,26-May-22,28,144,,
11,Thu,8-Sep-22,105,39,,
11,Thu,22-Sep-22,14,25,,
12,Mon,30-Dec-19,0,1022,,
12,Thu,9-Jan-20,10,1012,,
12,Mon,10-Feb-20,32,980,,
12,Thu,5-Mar-20,24,956,,
12,Thu,26-Mar-20,21,935,,
12,Thu,9-Jul-20,105,830,,
12,Thu,23-Jul-20,14,816,,
12,Mon,31-Aug-20,39,777,,
12,Thu,8-Oct-20,38,739,,
12,Thu,29-Oct-20,21,718,,
12,Mon,9-Nov-20,11,707,,
12,Thu,19-Nov-20,10,697,,
12,Mon,4-Jan-21,46,651,,
12,Thu,7-Jan-21,3,648,,
12,Thu,14-Jan-21,7,641,,
12,Mon,18-Jan-21,4,637,,
12,Mon,25-Jan-21,7,630,,
12,Thu,4-Mar-21,38,592,,
12,Thu,11-Mar-21,7,585,,
12,Mon,15-Mar-21,4,581,,
12,Thu,18-Mar-21,3,578,,
12,Mon,22-Mar-21,4,574,,
12,Thu,6-May-21,45,529,,
12,Thu,20-May-21,14,515,,
12,Thu,17-Jun-21,28,487,,
12,Thu,24-Jun-21,7,480,,
12,Mon,2-Aug-21,39,441,,
12,Thu,11-Nov-21,101,340,,
12,Mon,29-Nov-21,18,322,,
12,Thu,2-Dec-21,3,319,,
12,Thu,30-Dec-21,28,291,,
12,Mon,3-Jan-22,4,287,,
12,Thu,24-Mar-22,80,207,,
12,Mon,28-Mar-22,4,203,,
12,Mon,11-Apr-22,14,189,,
12,Mon,18-Apr-22,7,182,,
12,Mon,2-May-22,14,168,,
12,Mon,9-May-22,7,161,,
12,Thu,2-Jun-22,24,137,,
12,Mon,6-Jun-22,4,133,,
12,Mon,13-Jun-22,7,126,,
12,Mon,1-Aug-22,49,77,,
12,Thu,11-Aug-22,10,67,,
12,Thu,18-Aug-22,7,60,,
12,Thu,8-Sep-22,21,39,,
13,Mon,21-Oct-19,0,1092,,
13,Thu,31-Oct-19,10,1082,,
13,Mon,30-Dec-19,60,1022,,
13,Fri,3-Jan-20,4,1018,,
13,Mon,13-Jan-20,10,1008,,
13,Thu,26-Mar-20,73,935,,
13,Thu,23-Jul-20,119,816,,
13,Thu,27-Aug-20,35,781,,
13,Mon,14-Sep-20,18,763,,
13,Mon,21-Sep-20,7,756,,
13,Mon,19-Oct-20,28,728,,
13,Mon,9-Nov-20,21,707,,
13,Mon,7-Dec-20,28,679,,
13,Fri,1-Jan-21,25,654,,
13,Mon,15-Feb-21,45,609,,
13,Mon,1-Mar-21,14,595,,
13,Mon,8-Mar-21,7,588,,
13,Mon,27-Dec-21,294,294,,
13,Thu,30-Dec-21,3,291,,
13,Mon,17-Jan-22,18,273,,
13,Fri,21-Jan-22,4,269,,
13,Fri,11-Feb-22,21,248,,
13,Thu,3-Mar-22,20,228,,
13,Thu,21-Apr-22,49,179,,
13,Thu,5-May-22,14,165,,
13,Thu,19-May-22,14,151,,
13,Mon,30-May-22,11,140,,
13,Mon,11-Jul-22,42,98,,
13,Thu,25-Aug-22,45,53,,
13,Mon,5-Sep-22,11,42,,
13,Thu,15-Sep-22,10,32,,
14,Mon,14-Oct-19,0,1099,,
14,Thu,24-Oct-19,10,1089,,
14,Mon,2-Dec-19,39,1050,,
14,Thu,5-Dec-19,3,1047,,
14,Thu,23-Jan-20,49,998,,
14,Thu,5-Mar-20,42,956,,
14,Mon,9-Mar-20,4,952,,
14,Thu,2-Apr-20,24,928,,
14,Mon,5-Oct-20,186,742,,
14,Mon,12-Oct-20,7,735,,
14,Thu,15-Oct-20,3,732,,
14,Thu,12-Nov-20,28,704,,
14,Mon,7-Dec-20,25,679,,
14,Mon,29-Mar-21,112,567,,
14,Thu,8-Apr-21,10,557,,
14,Thu,15-Apr-21,7,550,,
14,Mon,31-May-21,46,504,,
14,Mon,7-Jun-21,7,497,,
14,Mon,21-Jun-21,14,483,,
14,Mon,28-Jun-21,7,476,,
14,Mon,5-Jul-21,7,469,,
14,Thu,15-Jul-21,10,459,,
14,Thu,30-Sep-21,77,382,,
14,Mon,4-Oct-21,4,378,,
14,Fri,11-Feb-22,130,248,,
14,Mon,4-Apr-22,52,196,,
14,Mon,2-May-22,28,168,,
14,Thu,9-Jun-22,38,130,,
14,Fri,5-Aug-22,57,73,,
14,Mon,19-Sep-22,45,28,,
15,Mon,2-Dec-19,0,1050,,
15,Mon,23-Dec-19,21,1029,,
15,Fri,3-Jan-20,11,1018,,
15,Mon,6-Jan-20,3,1015,,
15,Fri,7-Feb-20,32,983,,
15,Mon,10-Feb-20,3,980,,
15,Mon,16-Mar-20,35,945,,
15,Mon,3-Aug-20,140,805,,
15,Mon,17-Aug-20,14,791,,
15,Thu,20-Aug-20,3,788,,
15,Mon,31-Aug-20,11,777,,
15,Thu,10-Sep-20,10,767,,
15,Mon,14-Sep-20,4,763,,
15,Mon,5-Oct-20,21,742,,
15,Mon,21-Dec-20,77,665,,
15,Thu,21-Jan-21,31,634,,
15,Thu,18-Feb-21,28,606,,
15,Mon,15-Mar-21,25,581,,
15,Mon,29-Mar-21,14,567,,
15,Thu,1-Apr-21,3,564,,
15,Mon,5-Apr-21,4,560,,
15,Mon,26-Apr-21,21,539,,
15,Mon,3-May-21,7,532,,
15,Mon,31-May-21,28,504,,
15,Thu,10-Jun-21,10,494,,
15,Thu,17-Jun-21,7,487,,
15,Thu,8-Jul-21,21,466,,
15,Mon,9-Aug-21,32,434,,
15,Mon,6-Sep-21,28,406,,
15,Thu,16-Sep-21,10,396,,
15,Thu,14-Oct-21,28,368,,
15,Mon,1-Nov-21,18,350,,
15,Thu,3-Feb-22,94,256,,
15,Thu,24-Feb-22,21,235,,
15,Thu,24-Mar-22,28,207,,
15,Mon,4-Apr-22,11,196,,
15,Mon,9-May-22,35,161,,
15,Thu,12-May-22,3,158,,
15,Thu,9-Jun-22,28,130,,
15,Thu,30-Jun-22,21,109,,
15,Thu,14-Jul-22,14,95,,
15,Thu,21-Jul-22,7,88,,
15,Mon,29-Aug-22,39,49,,
15,Mon,12-Sep-22,14,35,,
15,Thu,15-Sep-22,3,32,,
16,Thu,14-Nov-19,0,1068,,
16,Mon,18-Nov-19,4,1064,,
16,Thu,21-Nov-19,3,1061,,
16,Mon,25-Nov-19,4,1057,,
16,Thu,26-Dec-19,31,1026,,
16,Mon,13-Jan-20,18,1008,,
16,Fri,7-Feb-20,25,983,,
16,Thu,9-Jul-20,153,830,,
16,Mon,31-Aug-20,53,777,,
16,Thu,3-Sep-20,3,774,,
16,Mon,21-Sep-20,18,756,,
16,Mon,28-Sep-20,7,749,,
16,Fri,1-Jan-21,95,654,,
16,Thu,28-Jan-21,27,627,,
16,Thu,25-Mar-21,56,571,,
16,Mon,19-Apr-21,25,546,,
16,Thu,13-May-21,24,522,,
16,Mon,14-Jun-21,32,490,,
16,Mon,2-Aug-21,49,441,,
16,Mon,20-Sep-21,49,392,,
16,Thu,14-Oct-21,24,368,,
16,Mon,22-Nov-21,39,329,,
16,Mon,6-Dec-21,14,315,,
16,Mon,20-Dec-21,14,301,,
16,Fri,11-Feb-22,53,248,,
16,Thu,21-Apr-22,69,179,,
16,Mon,25-Apr-22,4,175,,
16,Thu,28-Apr-22,3,172,,
16,Mon,23-May-22,25,147,,
16,Thu,9-Jun-22,17,130,,
16,Mon,13-Jun-22,4,126,,
16,Thu,16-Jun-22,3,123,,
16,Thu,7-Jul-22,21,102,,
16,Thu,11-Aug-22,35,67,,
16,Mon,3-Oct-22,53,14,,
17,Mon,18-Nov-19,0,1064,,
17,Mon,10-Feb-20,84,980,,
17,Mon,17-Feb-20,7,973,,
17,Mon,30-Mar-20,42,931,,
17,Mon,29-Jun-20,91,840,,
17,Mon,21-Sep-20,84,756,,
17,Thu,10-Dec-20,80,676,,
17,Thu,21-Jan-21,42,634,,
17,Mon,25-Jan-21,4,630,,
17,Mon,8-Mar-21,42,588,,
17,Thu,25-Mar-21,17,571,,
17,Mon,5-Apr-21,11,560,,
17,Mon,19-Apr-21,14,546,,
17,Thu,22-Apr-21,3,543,,
17,Mon,3-May-21,11,532,,
17,Mon,21-Jun-21,49,483,,
17,Thu,24-Jun-21,3,480,,
17,Thu,1-Jul-21,7,473,,
17,Thu,5-Aug-21,35,438,,
17,Mon,23-Aug-21,18,420,,
17,Thu,9-Dec-21,108,312,,
17,Mon,10-Jan-22,32,280,,
17,Mon,7-Feb-22,28,252,,
17,Thu,9-Jun-22,122,130,,
17,Thu,30-Jun-22,21,109,,
17,Thu,7-Jul-22,7,102,,
17,Thu,13-Oct-22,98,4,,
18,Thu,21-Nov-19,0,1061,,
18,Mon,20-Jan-20,60,1001,,
18,Thu,12-Mar-20,52,949,,
18,Thu,16-Jul-20,126,823,,
18,Thu,30-Jul-20,14,809,,
18,Mon,1-Feb-21,186,623,,
18,Mon,15-Feb-21,14,609,,
18,Mon,26-Apr-21,70,539,,
18,Mon,3-May-21,7,532,,
18,Mon,10-May-21,7,525,,
18,Thu,20-May-21,10,515,,
18,Mon,24-May-21,4,511,,
18,Mon,31-May-21,7,504,,
18,Mon,12-Jul-21,42,462,,
18,Thu,26-Aug-21,45,417,,
18,Mon,25-Oct-21,60,357,,
18,Thu,4-Nov-21,10,347,,
18,Mon,13-Dec-21,39,308,,
18,Mon,20-Dec-21,7,301,,
18,Thu,13-Jan-22,24,277,,
18,Fri,11-Feb-22,29,248,,
18,Mon,11-Apr-22,59,189,,
18,Thu,16-Jun-22,66,123,,
18,Fri,5-Aug-22,50,73,,
18,Thu,11-Aug-22,6,67,,
18,Thu,18-Aug-22,7,60,,
18,Thu,1-Sep-22,14,46,,
18,Mon,5-Sep-22,4,42,,
18,Mon,10-Oct-22,35,7,,
19,Mon,28-Oct-19,0,1085,,
19,Thu,19-Dec-19,52,1033,,
19,Thu,13-Feb-20,56,977,,
19,Mon,17-Feb-20,4,973,,
19,Thu,20-Feb-20,3,970,,
19,Mon,16-Mar-20,25,945,,
19,Thu,19-Mar-20,3,942,,
19,Thu,26-Mar-20,7,935,,
19,Mon,27-Jul-20,123,812,,
19,Mon,10-Aug-20,14,798,,
19,Thu,20-Aug-20,10,788,,
19,Mon,24-Aug-20,4,784,,
19,Mon,7-Sep-20,14,770,,
19,Thu,17-Sep-20,10,760,,
19,Mon,26-Oct-20,39,721,,
19,Thu,5-Nov-20,10,711,,
19,Thu,24-Dec-20,49,662,,
19,Mon,11-Jan-21,18,644,,
19,Thu,21-Jan-21,10,634,,
19,Thu,11-Mar-21,49,585,,
19,Mon,15-Mar-21,4,581,,
19,Thu,29-Apr-21,45,536,,
19,Mon,31-May-21,32,504,,
19,Mon,12-Jul-21,42,462,,
19,Thu,5-Aug-21,24,438,,
19,Mon,30-Aug-21,25,413,,
19,Thu,2-Sep-21,3,410,,
19,Thu,9-Sep-21,7,403,,
19,Mon,13-Dec-21,95,308,,
19,Thu,17-Feb-22,66,242,,
19,Mon,21-Feb-22,4,238,,
19,Mon,7-Mar-22,14,224,,
19,Mon,14-Mar-22,7,217,,
19,Thu,21-Apr-22,38,179,,
19,Mon,30-May-22,39,140,,
19,Thu,2-Jun-22,3,137,,
19,Thu,22-Sep-22,112,25,,
19,Mon,26-Sep-22,4,21,,
19,Thu,6-Oct-22,10,11,,
20,Mon,28-Oct-19,0,1085,,
20,Mon,11-Nov-19,14,1071,,
20,Mon,18-Nov-19,7,1064,,
20,Thu,26-Dec-19,38,1026,,
20,Mon,20-Jan-20,25,1001,,
20,Thu,30-Jan-20,10,991,,
20,Thu,2-Jul-20,154,837,,
20,Mon,20-Jul-20,18,819,,
20,Thu,23-Jul-20,3,816,,
20,Mon,10-Aug-20,18,798,,
20,Mon,21-Sep-20,42,756,,
20,Mon,19-Oct-20,28,728,,
20,Mon,16-Nov-20,28,700,,
20,Mon,15-Feb-21,91,609,,
20,Thu,4-Mar-21,17,592,,
20,Mon,22-Mar-21,18,574,,
20,Thu,25-Mar-21,3,571,,
20,Mon,29-Mar-21,4,567,,
20,Mon,19-Apr-21,21,546,,
20,Thu,6-May-21,17,529,,
20,Mon,5-Jul-21,60,469,,
20,Thu,8-Jul-21,3,466,,
20,Thu,12-Aug-21,35,431,,
20,Mon,27-Sep-21,46,385,,
20,Thu,28-Oct-21,31,354,,
20,Mon,8-Nov-21,11,343,,
20,Mon,22-Nov-21,14,329,,
20,Thu,25-Nov-21,3,326,,
20,Mon,3-Jan-22,39,287,,
20,Fri,7-Jan-22,4,283,,
20,Thu,13-Jan-22,6,277,,
20,Mon,28-Feb-22,46,231,,
20,Mon,21-Mar-22,21,210,,
20,Mon,18-Apr-22,28,182,,
20,Thu,12-May-22,24,158,,
20,Thu,19-May-22,7,151,,
20,Mon,20-Jun-22,32,119,,
20,Thu,7-Jul-22,17,102,,
20,Mon,18-Jul-22,11,91,,
20,Mon,22-Aug-22,35,56,,
20,Mon,3-Oct-22,42,14,,
20,Thu,6-Oct-22,3,11,,
21,Thu,14-Nov-19,0,1068,,
21,Mon,18-Nov-19,4,1064,,
21,Mon,9-Dec-19,21,1043,,
21,Thu,19-Dec-19,10,1033,,
21,Fri,3-Jan-20,15,1018,,
21,Fri,7-Feb-20,35,983,,
21,Thu,9-Jul-20,153,830,,
21,Thu,10-Sep-20,63,767,,
21,Thu,1-Oct-20,21,746,,
21,Thu,8-Oct-20,7,739,,
21,Mon,14-Dec-20,67,672,,
21,Thu,24-Dec-20,10,662,,
21,Thu,14-Jan-21,21,641,,
21,Fri,26-Feb-21,43,598,,
21,Thu,1-Apr-21,34,564,,
21,Thu,3-Jun-21,63,501,,
21,Thu,24-Jun-21,21,480,,
21,Mon,19-Jul-21,25,455,,
21,Thu,22-Jul-21,3,452,,
21,Mon,16-Aug-21,25,427,,
21,Thu,23-Dec-21,129,298,,
21,Thu,30-Dec-21,7,291,,
21,Mon,10-Jan-22,11,280,,
21,Thu,27-Jan-22,17,263,,
21,Mon,9-May-22,102,161,,
21,Mon,16-May-22,7,154,,
21,Thu,19-May-22,3,151,,
21,Mon,23-May-22,4,147,,
21,Mon,27-Jun-22,35,112,,
21,Mon,12-Sep-22,77,35,,
22,Mon,9-Dec-19,0,1043,,
22,Thu,12-Dec-19,3,1040,,
22,Mon,16-Dec-19,4,1036,,
22,Mon,20-Jan-20,35,1001,,
22,Mon,9-Mar-20,49,952,,
22,Mon,6-Jul-20,119,833,,
22,Mon,13-Jul-20,7,826,,
22,Mon,7-Sep-20,56,770,,
22,Thu,12-Nov-20,66,704,,
22,Thu,19-Nov-20,7,697,,
22,Mon,23-Nov-20,4,693,,
22,Thu,10-Dec-20,17,676,,
22,Thu,24-Dec-20,14,662,,
22,Thu,25-Mar-21,91,571,,
22,Thu,22-Apr-21,28,543,,
22,Thu,29-Apr-21,7,536,,
22,Thu,10-Jun-21,42,494,,
22,Thu,29-Jul-21,49,445,,
22,Thu,21-Oct-21,84,361,,
22,Mon,1-Nov-21,11,350,,
22,Thu,4-Nov-21,3,347,,
22,Thu,2-Dec-21,28,319,,
22,Mon,31-Jan-22,60,259,,
22,Mon,21-Feb-22,21,238,,
22,Mon,7-Mar-22,14,224,,
22,Mon,21-Mar-22,14,210,,
22,Thu,24-Mar-22,3,207,,
22,Thu,31-Mar-22,7,200,,
22,Thu,28-Apr-22,28,172,,
22,Mon,16-May-22,18,154,,
22,Mon,15-Aug-22,91,63,,
22,Mon,29-Aug-22,14,49,,
22,Thu,8-Sep-22,10,39,,
22,Mon,12-Sep-22,4,35,,
22,Thu,6-Oct-22,24,11,,
22,Thu,13-Oct-22,7,4,,
23,Mon,16-Dec-19,0,1036,,
23,Fri,3-Jan-20,18,1018,,
23,Mon,3-Feb-20,31,987,,
23,Thu,13-Feb-20,10,977,,
23,Mon,17-Feb-20,4,973,,
23,Thu,2-Apr-20,45,928,,
23,Thu,25-Jun-20,84,844,,
23,Mon,20-Jul-20,25,819,,
23,Mon,31-Aug-20,42,777,,
23,Thu,19-Nov-20,80,697,,
23,Thu,10-Dec-20,21,676,,
23,Thu,14-Jan-21,35,641,,
23,Mon,18-Jan-21,4,637,,
23,Thu,11-Feb-21,24,613,,
23,Mon,29-Mar-21,46,567,,
23,Mon,12-Apr-21,14,553,,
23,Thu,15-Apr-21,3,550,,
23,Mon,24-May-21,39,511,,
23,Mon,7-Jun-21,14,497,,
23,Mon,14-Jun-21,7,490,,
23,Thu,8-Jul-21,24,466,,
23,Mon,12-Jul-21,4,462,,
23,Thu,15-Jul-21,3,459,,
23,Mon,2-Aug-21,18,441,,
23,Thu,5-Aug-21,3,438,,
23,Mon,30-Aug-21,25,413,,
23,Mon,18-Oct-21,49,364,,
23,Thu,21-Oct-21,3,361,,
23,Mon,15-Nov-21,25,336,,
23,Thu,2-Dec-21,17,319,,
23,Mon,13-Dec-21,11,308,,
23,Mon,27-Dec-21,14,294,,
23,Mon,31-Jan-22,35,259,,
23,Mon,14-Feb-22,14,245,,
23,Mon,21-Mar-22,35,210,,
23,Thu,14-Apr-22,24,186,,
23,Mon,2-May-22,18,168,,
23,Mon,22-Aug-22,112,56,,
23,Thu,25-Aug-22,3,53,,
23,Mon,19-Sep-22,25,28,,
24,Thu,24-Oct-19,0,1089,,
24,Thu,26-Dec-19,63,1026,,
24,Thu,9-Jan-20,14,1012,,
24,Fri,17-Jan-20,8,1004,,
24,Fri,7-Feb-20,21,983,,
24,Mon,24-Feb-20,17,966,,
24,Mon,20-Jul-20,147,819,,
24,Thu,30-Jul-20,10,809,,
24,Mon,24-Aug-20,25,784,,
24,Fri,5-Feb-21,165,619,,
24,Fri,26-Feb-21,21,598,,
24,Thu,18-Mar-21,20,578,,
24,Thu,27-May-21,70,508,,
24,Thu,10-Jun-21,14,494,,
24,Mon,14-Jun-21,4,490,,
24,Thu,24-Jun-21,10,480,,
24,Mon,12-Jul-21,18,462,,
24,Mon,9-Aug-21,28,434,,
24,Thu,26-Aug-21,17,417,,
24,Mon,30-Aug-21,4,413,,
24,Thu,14-Oct-21,45,368,,
24,Mon,18-Oct-21,4,364,,
24,Mon,25-Oct-21,7,357,,
24,Mon,1-Nov-21,7,350,,
24,Mon,20-Dec-21,49,301,,
24,Mon,27-Dec-21,7,294,,
24,Thu,3-Mar-22,66,228,,
24,Mon,7-Mar-22,4,224,,
24,Mon,21-Mar-22,14,210,,
24,Thu,31-Mar-22,10,200,,
24,Thu,16-Jun-22,77,123,,
24,Thu,23-Jun-22,7,116,,
24,Mon,27-Jun-22,4,112,,
24,Fri,5-Aug-22,39,73,,
24,Thu,25-Aug-22,20,53,,
24,Mon,26-Sep-22,32,21,,
25,Mon,14-Oct-19,0,1099,,
25,Thu,24-Oct-19,10,1089,,
25,Mon,2-Dec-19,39,1050,,
25,Thu,26-Dec-19,24,1026,,
25,Mon,27-Jul-20,214,812,,
25,Mon,31-Aug-20,35,777,,
25,Mon,19-Oct-20,49,728,,
25,Thu,22-Oct-20,3,725,,
25,Thu,5-Nov-20,14,711,,
25,Mon,30-Nov-20,25,686,,
25,Thu,14-Jan-21,45,641,,
25,Thu,28-Jan-21,14,627,,
25,Mon,8-Feb-21,11,616,,
25,Thu,11-Feb-21,3,613,,
25,Mon,1-Mar-21,18,595,,
25,Thu,18-Mar-21,17,578,,
25,Mon,5-Apr-21,18,560,,
25,Thu,15-Apr-21,10,550,,
25,Thu,12-Aug-21,119,431,,
25,Mon,13-Sep-21,32,399,,
25,Thu,21-Oct-21,38,361,,
25,Thu,24-Feb-22,126,235,,
25,Thu,10-Mar-22,14,221,,
25,Mon,20-Jun-22,102,119,,
25,Mon,11-Jul-22,21,98,,
25,Thu,28-Jul-22,17,81,,
26,Mon,14-Oct-19,0,1099,,
26,Thu,7-Nov-19,24,1075,,
26,Thu,5-Dec-19,28,1047,,
26,Mon,6-Jan-20,32,1015,,
26,Thu,20-Feb-20,45,970,,
26,Mon,24-Feb-20,4,966,,
26,Mon,6-Jul-20,133,833,,
26,Thu,20-Aug-20,45,788,,
26,Mon,24-Aug-20,4,784,,
26,Thu,1-Oct-20,38,746,,
26,Thu,12-Nov-20,42,704,,
26,Mon,11-Jan-21,60,644,,
26,Fri,5-Feb-21,25,619,,
26,Thu,11-Mar-21,34,585,,
26,Thu,3-Jun-21,84,501,,
26,Thu,15-Jul-21,42,459,,
26,Thu,22-Jul-21,7,452,,
26,Mon,2-Aug-21,11,441,,
26,Mon,23-Aug-21,21,420,,
26,Mon,13-Sep-21,21,399,,
26,Thu,30-Sep-21,17,382,,
26,Mon,11-Oct-21,11,371,,
26,Mon,1-Nov-21,21,350,,
26,Mon,29-Nov-21,28,322,,
26,Thu,16-Dec-21,17,305,,
26,Thu,13-Jan-22,28,277,,
26,Mon,17-Jan-22,4,273,,
26,Thu,14-Apr-22,87,186,,
26,Mon,25-Apr-22,11,175,,
26,Thu,2-Jun-22,38,137,,
26,Thu,22-Sep-22,112,25,,
26,Thu,6-Oct-22,14,11,,
26,Mon,10-Oct-22,4,7,,
27,Mon,28-Oct-19,0,1085,,
27,Mon,9-Dec-19,42,1043,,
27,Thu,19-Dec-19,10,1033,,
27,Mon,20-Jan-20,32,1001,,
27,Thu,19-Mar-20,59,942,,
27,Thu,16-Jul-20,119,823,,
27,Thu,3-Sep-20,49,774,,
27,Thu,10-Sep-20,7,767,,
27,Mon,21-Sep-20,11,756,,
27,Mon,28-Sep-20,7,749,,
27,Thu,15-Oct-20,17,732,,
27,Thu,29-Oct-20,14,718,,
27,Mon,16-Nov-20,18,700,,
27,Thu,26-Nov-20,10,690,,
27,Thu,10-Dec-20,14,676,,
27,Thu,17-Dec-20,7,669,,
27,Mon,4-Jan-21,18,651,,
27,Mon,1-Feb-21,28,623,,
27,Mon,8-Feb-21,7,616,,
27,Mon,8-Mar-21,28,588,,
27,Mon,12-Apr-21,35,553,,
27,Mon,23-Aug-21,133,420,,
27,Mon,30-Aug-21,7,413,,
27,Thu,7-Oct-21,38,375,,
27,Mon,11-Oct-21,4,371,,
27,Mon,18-Oct-21,7,364,,
27,Thu,28-Oct-21,10,354,,
27,Mon,15-Nov-21,18,336,,
27,Thu,25-Nov-21,10,326,,
27,Thu,16-Dec-21,21,305,,
27,Thu,27-Jan-22,42,263,,
27,Mon,21-Feb-22,25,238,,
27,Mon,28-Feb-22,7,231,,
27,Mon,11-Apr-22,42,189,,
27,Mon,23-May-22,42,147,,
27,Thu,23-Jun-22,31,116,,
27,Mon,27-Jun-22,4,112,,
27,Thu,30-Jun-22,3,109,,
27,Mon,4-Jul-22,4,105,,
27,Thu,15-Sep-22,73,32,,
27,Thu,29-Sep-22,14,18,,
28,Mon,21-Oct-19,0,1092,,
28,Thu,7-Nov-19,17,1075,,
28,Fri,17-Jan-20,71,1004,,
28,Thu,2-Apr-20,76,928,,
28,Thu,16-Jul-20,105,823,,
28,Thu,6-Aug-20,21,802,,
28,Mon,14-Sep-20,39,763,,
28,Thu,15-Oct-20,31,732,,
28,Thu,22-Oct-20,7,725,,
28,Thu,11-Feb-21,112,613,,
28,Thu,4-Mar-21,21,592,,
28,Mon,15-Mar-21,11,581,,
28,Thu,8-Apr-21,24,557,,
28,Mon,14-Jun-21,67,490,,
28,Mon,21-Jun-21,7,483,,
28,Mon,5-Jul-21,14,469,,
28,Mon,16-Aug-21,42,427,,
28,Mon,27-Sep-21,42,385,,
28,Mon,4-Oct-21,7,378,,
28,Thu,7-Oct-21,3,375,,
28,Mon,29-Nov-21,53,322,,
28,Fri,21-Jan-22,53,269,,
28,Thu,3-Feb-22,13,256,,
28,Mon,7-Feb-22,4,252,,
28,Fri,11-Feb-22,4,248,,
28,Mon,7-Mar-22,24,224,,
28,Mon,4-Apr-22,28,196,,
28,Thu,7-Apr-22,3,193,,
28,Thu,2-Jun-22,56,137,,
28,Mon,6-Jun-22,4,133,,
28,Mon,20-Jun-22,14,119,,
28,Mon,4-Jul-22,14,105,,
28,Thu,18-Aug-22,45,60,,
28,Thu,1-Sep-22,14,46,,
29,Thu,24-Oct-19,0,1089,,
29,Mon,11-Nov-19,18,1071,,
29,Thu,12-Dec-19,31,1040,,
29,Thu,30-Jan-20,49,991,,
29,Mon,24-Feb-20,25,966,,
29,Mon,9-Mar-20,14,952,,
29,Mon,30-Mar-20,21,931,,
29,Thu,16-Jul-20,108,823,,
29,Mon,10-Aug-20,25,798,,
29,Thu,13-Aug-20,3,795,,
29,Mon,14-Dec-20,123,672,,
29,Thu,18-Mar-21,94,578,,
29,Thu,1-Apr-21,14,564,,
29,Thu,29-Apr-21,28,536,,
29,Thu,20-May-21,21,515,,
29,Mon,5-Jul-21,46,469,,
29,Thu,12-Aug-21,38,431,,
29,Mon,14-Feb-22,186,245,,
29,Mon,7-Mar-22,21,224,,
29,Thu,14-Apr-22,38,186,,
29,Mon,6-Jun-22,53,133,,
29,Mon,25-Jul-22,49,84,,
29,Mon,1-Aug-22,7,77,,
29,Mon,15-Aug-22,14,63,,
29,Thu,15-Sep-22,31,32,,
29,Thu,29-Sep-22,14,18,,
29,Mon,3-Oct-22,4,14,,
30,Thu,31-Oct-19,0,1082,,
30,Thu,7-Nov-19,7,1075,,
30,Mon,11-Nov-19,4,1071,,
30,Mon,18-Nov-19,7,1064,,
30,Thu,21-Nov-19,3,1061,,
30,Thu,28-Nov-19,7,1054,,
30,Thu,5-Dec-19,7,1047,,
30,Mon,9-Dec-19,4,1043,,
30,Fri,3-Jan-20,25,1018,,
30,Mon,17-Feb-20,45,973,,
30,Thu,5-Mar-20,17,956,,
30,Mon,23-Mar-20,18,938,,
30,Mon,30-Mar-20,7,931,,
30,Mon,17-Aug-20,140,791,,
30,Thu,20-Aug-20,3,788,,
30,Thu,22-Oct-20,63,725,,
30,Mon,9-Nov-20,18,707,,
30,Mon,23-Nov-20,14,693,,
30,Thu,4-Mar-21,101,592,,
30,Mon,29-Mar-21,25,567,,
30,Mon,31-May-21,63,504,,
30,Thu,3-Jun-21,3,501,,
30,Thu,17-Jun-21,14,487,,
30,Mon,26-Jul-21,39,448,,
30,Thu,9-Sep-21,45,403,,
30,Thu,16-Sep-21,7,396,,
30,Thu,30-Sep-21,14,382,,
30,Mon,4-Oct-21,4,378,,
30,Thu,9-Dec-21,66,312,,
30,Mon,10-Jan-22,32,280,,
30,Thu,27-Jan-22,17,263,,
30,Thu,3-Mar-22,35,228,,
30,Thu,17-Mar-22,14,214,,
30,Thu,14-Apr-22,28,186,,
30,Mon,9-May-22,25,161,,
30,Thu,26-May-22,17,144,,
30,Mon,13-Jun-22,18,126,,
30,Mon,25-Jul-22,42,84,,
31,Thu,20-Feb-20,0,970,,
31,Mon,27-Jul-20,158,812,,
31,Thu,24-Sep-20,59,753,,
31,Thu,15-Oct-20,21,732,,
31,Mon,21-Dec-20,67,665,,
31,Thu,6-May-21,136,529,,
31,Mon,24-May-21,18,511,,
31,Mon,7-Jun-21,14,497,,
31,Mon,28-Jun-21,21,476,,
31,Thu,1-Jul-21,3,473,,
31,Mon,16-Aug-21,46,427,,
31,Mon,23-Aug-21,7,420,,
31,Mon,6-Sep-21,14,406,,
31,Mon,8-Nov-21,63,343,,
31,Mon,15-Nov-21,7,336,,
31,Thu,9-Dec-21,24,312,,
31,Mon,17-Jan-22,39,273,,
31,Mon,24-Jan-22,7,266,,
31,Thu,3-Feb-22,10,256,,
31,Mon,21-Mar-22,46,210,,
31,Mon,4-Apr-22,14,196,,
31,Thu,7-Apr-22,3,193,,
31,Thu,21-Jul-22,105,88,,
31,Mon,25-Jul-22,4,84,,
31,Mon,29-Aug-22,35,49,,
31,Thu,29-Sep-22,31,18,,
32,Thu,21-Nov-19,0,1061,,
32,Mon,27-Jan-20,67,994,,
32,Mon,10-Feb-20,14,980,,
32,Thu,27-Feb-20,17,963,,
32,Mon,3-Aug-20,158,805,,
32,Thu,27-Aug-20,24,781,,
32,Thu,3-Sep-20,7,774,,
32,Mon,28-Dec-20,116,658,,
32,Thu,7-Jan-21,10,648,,
32,Thu,14-Jan-21,7,641,,
32,Thu,28-Jan-21,14,627,,
32,Thu,22-Apr-21,84,543,,
32,Mon,10-May-21,18,525,,
32,Thu,20-May-21,10,515,,
32,Mon,24-May-21,4,511,,
32,Mon,28-Jun-21,35,476,,
32,Thu,5-Aug-21,38,438,,
32,Thu,12-Aug-21,7,431,,
32,Mon,6-Sep-21,25,406,,
32,Thu,25-Nov-21,80,326,,
32,Mon,29-Nov-21,4,322,,
32,Mon,24-Jan-22,56,266,,
32,Thu,27-Jan-22,3,263,,
32,Thu,3-Feb-22,7,256,,
32,Mon,7-Feb-22,4,252,,
32,Thu,10-Mar-22,31,221,,
32,Thu,21-Apr-22,42,179,,
32,Mon,25-Apr-22,4,175,,
32,Mon,2-May-22,7,168,,
32,Thu,23-Jun-22,52,116,,
32,Mon,27-Jun-22,4,112,,
32,Thu,11-Aug-22,45,67,,
33,Thu,31-Oct-19,0,1082,,
33,Thu,12-Dec-19,42,1040,,
33,Mon,13-Jan-20,32,1008,,
33,Thu,19-Mar-20,66,942,,
33,Thu,5-Nov-20,231,711,,
33,Mon,30-Nov-20,25,686,,
33,Mon,7-Dec-20,7,679,,
33,Thu,10-Dec-20,3,676,,
33,Thu,17-Dec-20,7,669,,
33,Mon,18-Jan-21,32,637,,
33,Mon,25-Jan-21,7,630,,
33,Mon,8-Mar-21,42,588,,
33,Mon,10-May-21,63,525,,
33,Mon,24-May-21,14,511,,
33,Mon,28-Jun-21,35,476,,
33,Mon,19-Jul-21,21,455,,
33,Thu,29-Jul-21,10,445,,
33,Mon,2-Aug-21,4,441,,
33,Mon,9-Aug-21,7,434,,
33,Mon,6-Sep-21,28,406,,
33,Thu,9-Sep-21,3,403,,
33,Mon,20-Sep-21,11,392,,
33,Mon,27-Sep-21,7,385,,
33,Mon,6-Dec-21,70,315,,
33,Mon,3-Jan-22,28,287,,
33,Mon,17-Jan-22,14,273,,
33,Mon,14-Feb-22,28,245,,
33,Mon,18-Apr-22,63,182,,
33,Mon,20-Jun-22,63,119,,
33,Thu,7-Jul-22,17,102,,
33,Thu,28-Jul-22,21,81,,
33,Mon,8-Aug-22,11,70,,
33,Mon,3-Oct-22,56,14,,
34,Mon,28-Oct-19,0,1085,,
34,Thu,7-Nov-19,10,1075,,
34,Thu,28-Nov-19,21,1054,,
34,Mon,2-Dec-19,4,1050,,
34,Thu,9-Jan-20,38,1012,,
34,Mon,3-Feb-20,25,987,,
34,Thu,20-Feb-20,17,970,,
34,Thu,12-Mar-20,21,949,,
34,Mon,13-Jul-20,123,826,,
34,Mon,27-Jul-20,14,812,,
34,Thu,30-Jul-20,3,809,,
34,Mon,28-Sep-20,60,749,,
34,Thu,8-Oct-20,10,739,,
34,Thu,22-Oct-20,14,725,,
34,Thu,19-Nov-20,28,697,,
34,Mon,28-Dec-20,39,658,,
34,Mon,8-Feb-21,42,616,,
34,Mon,15-Feb-21,7,609,,
34,Mon,10-May-21,84,525,,
34,Thu,1-Jul-21,52,473,,
34,Mon,26-Jul-21,25,448,,
34,Mon,9-Aug-21,14,434,,
34,Thu,28-Oct-21,80,354,,
34,Mon,15-Nov-21,18,336,,
34,Mon,20-Dec-21,35,301,,
34,Thu,27-Jan-22,38,263,,
34,Thu,24-Mar-22,56,207,,
34,Thu,26-May-22,63,144,,
34,Mon,30-May-22,4,140,,
34,Mon,6-Jun-22,7,133,,
34,Mon,27-Jun-22,21,112,,
34,Mon,11-Jul-22,14,98,,
34,Mon,8-Aug-22,28,70,,
34,Mon,15-Aug-22,7,63,,
34,Mon,5-Sep-22,21,42,,
34,Mon,26-Sep-22,21,21,,
35,Thu,17-Oct-19,0,1096,,
35,Mon,25-Nov-19,39,1057,,
35,Mon,2-Dec-19,7,1050,,
35,Mon,23-Dec-19,21,1029,,
35,Mon,30-Dec-19,7,1022,,
35,Fri,3-Jan-20,4,1018,,
35,Thu,27-Feb-20,55,963,,
35,Mon,23-Mar-20,25,938,,
35,Mon,13-Jul-20,112,826,,
35,Thu,23-Jul-20,10,816,,
35,Thu,6-Aug-20,14,802,,
35,Mon,17-Aug-20,11,791,,
35,Thu,12-Nov-20,87,704,,
35,Thu,26-Nov-20,14,690,,
35,Mon,30-Nov-20,4,686,,
35,Thu,17-Dec-20,17,669,,
35,Fri,1-Jan-21,15,654,,
35,Mon,18-Jan-21,17,637,,
35,Thu,21-Jan-21,3,634,,
35,Thu,28-Jan-21,7,627,,
35,Mon,15-Mar-21,46,581,,
35,Mon,22-Mar-21,7,574,,
35,Mon,29-Mar-21,7,567,,
35,Thu,8-Apr-21,10,557,,
35,Thu,15-Apr-21,7,550,,
35,Mon,3-May-21,18,532,,
35,Thu,6-May-21,3,529,,
35,Thu,23-Sep-21,140,389,,
35,Mon,4-Oct-21,11,378,,
35,Thu,28-Oct-21,24,354,,
35,Mon,8-Nov-21,11,343,,
35,Thu,11-Nov-21,3,340,,
35,Mon,22-Nov-21,11,329,,
35,Thu,23-Dec-21,31,298,,
35,Thu,30-Dec-21,7,291,,
35,Thu,13-Jan-22,14,277,,
35,Mon,17-Jan-22,4,273,,
35,Mon,7-Feb-22,21,252,,
35,Thu,17-Feb-22,10,242,,
35,Mon,2-May-22,74,168,,
35,Thu,5-May-22,3,165,,
35,Mon,23-May-22,18,147,,
36,Mon,28-Oct-19,0,1085,,
36,Thu,31-Oct-19,3,1082,,
36,Thu,14-Nov-19,14,1068,,
36,Thu,12-Dec-19,28,1040,,
36,Thu,19-Dec-19,7,1033,,
36,Thu,26-Dec-19,7,1026,,
36,Mon,30-Dec-19,4,1022,,
36,Thu,23-Jan-20,24,998,,
36,Thu,27-Feb-20,35,963,,
36,Thu,12-Mar-20,14,949,,
36,Thu,2-Jul-20,112,837,,
36,Thu,23-Jul-20,21,816,,
36,Mon,10-Aug-20,18,798,,
36,Mon,7-Sep-20,28,770,,
36,Thu,10-Sep-20,3,767,,
36,Thu,17-Sep-20,7,760,,
36,Thu,24-Sep-20,7,753,,
36,Thu,22-Oct-20,28,725,,
36,Mon,2-Nov-20,11,714,,
36,Mon,16-Nov-20,14,700,,
36,Thu,3-Dec-20,17,683,,
36,Mon,21-Dec-20,18,665,,
36,Thu,7-Jan-21,17,648,,
36,Mon,22-Feb-21,46,602,,
36,Mon,26-Apr-21,63,539,,
36,Thu,29-Apr-21,3,536,,
36,Mon,17-May-21,18,518,,
36,Thu,27-May-21,10,508,,
36,Mon,5-Jul-21,39,469,,
36,Mon,9-Aug-21,35,434,,
36,Mon,30-Aug-21,21,413,,
36,Mon,11-Oct-21,42,371,,
36,Thu,4-Nov-21,24,347,,
36,Mon,11-Apr-22,158,189,,
36,Thu,12-May-22,31,158,,
36,Thu,14-Jul-22,63,95,,
36,Mon,18-Jul-22,4,91,,
36,Thu,28-Jul-22,10,81,,
36,Mon,22-Aug-22,25,56,,
37,Thu,17-Oct-19,0,1096,,
37,Mon,20-Jan-20,95,1001,,
37,Mon,2-Mar-20,42,959,,
37,Thu,5-Mar-20,3,956,,
37,Thu,19-Mar-20,14,942,,
37,Thu,25-Jun-20,98,844,,
37,Mon,13-Jul-20,18,826,,
37,Thu,16-Jul-20,3,823,,
37,Mon,27-Jul-20,11,812,,
37,Mon,24-Aug-20,28,784,,
37,Thu,29-Oct-20,66,718,,
37,Mon,2-Nov-20,4,714,,
37,Mon,9-Nov-20,7,707,,
37,Mon,7-Dec-20,28,679,,
37,Thu,24-Dec-20,17,662,,
37,Mon,18-Jan-21,25,637,,
37,Thu,28-Jan-21,10,627,,
37,Mon,1-Mar-21,32,595,,
37,Mon,22-Mar-21,21,574,,
37,Thu,20-May-21,59,515,,
37,Mon,16-Aug-21,88,427,,
37,Thu,26-Aug-21,10,417,,
37,Mon,30-Aug-21,4,413,,
37,Thu,9-Sep-21,10,403,,
37,Mon,11-Oct-21,32,371,,
37,Mon,1-Nov-21,21,350,,
37,Mon,6-Dec-21,35,315,,
37,Thu,16-Dec-21,10,305,,
37,Mon,14-Feb-22,60,245,,
37,Thu,17-Feb-22,3,242,,
37,Mon,21-Feb-22,4,238,,
37,Mon,28-Feb-22,7,231,,
37,Mon,14-Mar-22,14,217,,
37,Thu,28-Apr-22,45,172,,
37,Mon,30-May-22,32,140,,
37,Fri,5-Aug-22,67,73,,
37,Mon,8-Aug-22,3,70,,
38,Mon,21-Oct-19,0,1092,,
38,Mon,4-Nov-19,14,1078,,
38,Mon,25-Nov-19,21,1057,,
38,Thu,9-Jan-20,45,1012,,
38,Thu,23-Jan-20,14,998,,
38,Mon,27-Jan-20,4,994,,
38,Thu,5-Mar-20,38,956,,
38,Mon,29-Jun-20,116,840,,
38,Thu,2-Jul-20,3,837,,
38,Mon,6-Jul-20,4,833,,
38,Thu,30-Jul-20,24,809,,
38,Mon,21-Sep-20,53,756,,
38,Thu,4-Mar-21,164,592,,
38,Thu,22-Apr-21,49,543,,
38,Thu,27-May-21,35,508,,
38,Thu,17-Jun-21,21,487,,
38,Mon,28-Jun-21,11,476,,
38,Mon,12-Jul-21,14,462,,
38,Thu,22-Jul-21,10,452,,
38,Thu,5-Aug-21,14,438,,
38,Mon,16-Aug-21,11,427,,
38,Thu,26-Aug-21,10,417,,
38,Thu,16-Sep-21,21,396,,
38,Mon,27-Sep-21,11,385,,
38,Fri,21-Jan-22,116,269,,
38,Mon,24-Jan-22,3,266,,
38,Mon,14-Mar-22,49,217,,
38,Thu,21-Apr-22,38,179,,
38,Mon,2-May-22,11,168,,
38,Thu,12-May-22,10,158,,
38,Thu,9-Jun-22,28,130,,
38,Thu,23-Jun-22,14,116,,
38,Mon,27-Jun-22,4,112,,
38,Mon,4-Jul-22,7,105,,
38,Mon,15-Aug-22,42,63,,
38,Thu,15-Sep-22,31,32,,
39,Mon,11-Nov-19,0,1071,,
39,Mon,9-Dec-19,28,1043,,
39,Mon,2-Mar-20,84,959,,
39,Mon,23-Mar-20,21,938,,
39,Mon,29-Jun-20,98,840,,
39,Mon,6-Jul-20,7,833,,
39,Thu,6-Aug-20,31,802,,
39,Thu,10-Sep-20,35,767,,
39,Thu,17-Sep-20,7,760,,
39,Mon,5-Oct-20,18,742,,
39,Thu,29-Oct-20,24,718,,
39,Mon,21-Dec-20,53,665,,
39,Mon,25-Jan-21,35,630,,
39,Mon,1-Feb-21,7,623,,
39,Thu,13-May-21,101,522,,
39,Thu,3-Jun-21,21,501,,
39,Mon,7-Jun-21,4,497,,
39,Mon,26-Jul-21,49,448,,
39,Thu,19-Aug-21,24,424,,
39,Thu,7-Oct-21,49,375,,
39,Thu,18-Nov-21,42,333,,
39,Thu,23-Dec-21,35,298,,
39,Mon,28-Mar-22,95,203,,
39,Mon,18-Apr-22,21,182,,
39,Mon,25-Apr-22,7,175,,
39,Thu,5-May-22,10,165,,
39,Mon,9-May-22,4,161,,
39,Thu,7-Jul-22,59,102,,
39,Thu,14-Jul-22,7,95,,
39,Mon,12-Sep-22,60,35,,
40,Mon,16-Dec-19,0,1036,,
40,Thu,19-Dec-19,3,1033,,
40,Mon,30-Dec-19,11,1022,,
40,Thu,23-Jan-20,24,998,,
40,Thu,20-Feb-20,28,970,,
40,Thu,5-Mar-20,14,956,,
40,Mon,16-Mar-20,11,945,,
40,Mon,20-Jul-20,126,819,,
40,Mon,3-Aug-20,14,805,,
40,Thu,24-Sep-20,52,753,,
40,Mon,12-Oct-20,18,735,,
40,Thu,5-Nov-20,24,711,,
40,Thu,3-Dec-20,28,683,,
40,Mon,28-Dec-20,25,658,,
40,Mon,15-Feb-21,49,609,,
40,Thu,18-Feb-21,3,606,,
40,Fri,26-Feb-21,8,598,,
40,Mon,8-Mar-21,10,588,,
40,Mon,5-Apr-21,28,560,,
40,Thu,8-Jul-21,94,466,,
40,Thu,29-Jul-21,21,445,,
40,Mon,9-Aug-21,11,434,,
40,Thu,19-Aug-21,10,424,,
40,Mon,27-Sep-21,39,385,,
40,Mon,4-Oct-21,7,378,,
40,Thu,7-Oct-21,3,375,,
40,Mon,25-Oct-21,18,357,,
40,Thu,25-Nov-21,31,326,,
40,Thu,2-Dec-21,7,319,,
40,Mon,13-Dec-21,11,308,,
40,Thu,16-Dec-21,3,305,,
40,Mon,31-Jan-22,46,259,,
40,Thu,3-Mar-22,31,228,,
40,Mon,4-Apr-22,32,196,,
40,Mon,16-May-22,42,154,,
40,Mon,20-Jun-22,35,119,,
40,Thu,28-Jul-22,38,81,,
40,Mon,19-Sep-22,53,28,,
40,Thu,13-Oct-22,24,4,,
41,Mon,4-Nov-19,0,1078,,
41,Mon,11-Nov-19,7,1071,,
41,Mon,23-Dec-19,42,1029,,
41,Thu,30-Jan-20,38,991,,
41,Mon,2-Mar-20,32,959,,
41,Mon,29-Jun-20,119,840,,
41,Thu,6-Aug-20,38,802,,
41,Thu,13-Aug-20,7,795,,
41,Mon,24-Aug-20,11,784,,
41,Thu,27-Aug-20,3,781,,
41,Mon,28-Sep-20,32,749,,
41,Mon,12-Oct-20,14,735,,
41,Mon,26-Oct-20,14,721,,
41,Thu,17-Dec-20,52,669,,
41,Thu,11-Mar-21,84,585,,
41,Mon,3-May-21,53,532,,
41,Mon,17-May-21,14,518,,
41,Mon,7-Jun-21,21,497,,
41,Mon,13-Sep-21,98,399,,
41,Thu,23-Sep-21,10,389,,
41,Mon,8-Nov-21,46,343,,
41,Mon,22-Nov-21,14,329,,
41,Thu,24-Feb-22,94,235,,
41,Thu,5-May-22,70,165,,
41,Thu,12-May-22,7,158,,
41,Mon,16-May-22,4,154,,
41,Mon,6-Jun-22,21,133,,
41,Thu,30-Jun-22,24,109,,
41,Mon,18-Jul-22,18,91,,
41,Mon,15-Aug-22,28,63,,
42,Thu,17-Oct-19,0,1096,,
42,Mon,16-Dec-19,60,1036,,
42,Mon,23-Dec-19,7,1029,,
42,Mon,3-Feb-20,42,987,,
42,Mon,17-Feb-20,14,973,,
42,Mon,24-Feb-20,7,966,,
42,Mon,2-Mar-20,7,959,,
42,Mon,23-Mar-20,21,938,,
42,Thu,26-Mar-20,3,935,,
42,Thu,25-Jun-20,91,844,,
42,Mon,20-Jul-20,25,819,,
42,Thu,13-Aug-20,24,795,,
42,Mon,28-Sep-20,46,749,,
42,Thu,19-Nov-20,52,697,,
42,Mon,4-Jan-21,46,651,,
42,Mon,8-Feb-21,35,616,,
42,Fri,26-Feb-21,18,598,,
42,Mon,26-Apr-21,59,539,,
42,Mon,3-May-21,7,532,,
42,Thu,10-Jun-21,38,494,,
42,Mon,19-Jul-21,39,455,,
42,Thu,2-Sep-21,45,410,,
42,Thu,9-Sep-21,7,403,,
42,Mon,13-Sep-21,4,399,,
42,Thu,23-Sep-21,10,389,,
42,Thu,21-Oct-21,28,361,,
42,Mon,6-Dec-21,46,315,,
42,Thu,9-Dec-21,3,312,,
42,Mon,7-Mar-22,88,224,,
42,Thu,17-Mar-22,10,214,,
42,Mon,4-Apr-22,18,196,,
42,Mon,18-Apr-22,14,182,,
42,Mon,16-May-22,28,154,,
42,Thu,21-Jul-22,66,88,,
42,Mon,22-Aug-22,32,56,,
42,Thu,1-Sep-22,10,46,,
42,Mon,3-Oct-22,32,14,,
42,Mon,10-Oct-22,7,7,,
43,Thu,17-Oct-19,0,1096,,
43,Thu,24-Oct-19,7,1089,,
43,Mon,23-Dec-19,60,1029,,
43,Mon,27-Jan-20,35,994,,
43,Mon,30-Mar-20,63,931,,
43,Thu,25-Jun-20,87,844,,
43,Thu,2-Jul-20,7,837,,
43,Mon,13-Jul-20,11,826,,
43,Thu,30-Jul-20,17,809,,
43,Thu,6-Aug-20,7,802,,
43,Mon,10-Aug-20,4,798,,
43,Thu,13-Aug-20,3,795,,
43,Thu,27-Aug-20,14,781,,
43,Thu,10-Sep-20,14,767,,
43,Mon,15-Mar-21,186,581,,
43,Mon,12-Apr-21,28,553,,
43,Mon,19-Apr-21,7,546,,
43,Thu,29-Apr-21,10,536,,
43,Thu,17-Jun-21,49,487,,
43,Thu,23-Sep-21,98,389,,
43,Mon,11-Oct-21,18,371,,
43,Thu,21-Oct-21,10,361,,
43,Mon,25-Oct-21,4,357,,
43,Mon,15-Nov-21,21,336,,
43,Thu,18-Nov-21,3,333,,
43,Mon,6-Dec-21,18,315,,
43,Thu,9-Dec-21,3,312,,
43,Thu,16-Dec-21,7,305,,
43,Mon,14-Feb-22,60,245,,
43,Thu,21-Apr-22,66,179,,
43,Thu,26-May-22,35,144,,
43,Mon,11-Jul-22,46,98,,
43,Mon,18-Jul-22,7,91,,
43,Thu,21-Jul-22,3,88,,
43,Fri,5-Aug-22,15,73,,
43,Thu,18-Aug-22,13,60,,
43,Thu,1-Sep-22,14,46,,
43,Mon,12-Sep-22,11,35,,
43,Thu,22-Sep-22,10,25,,
43,Mon,26-Sep-22,4,21,,
44,Thu,24-Oct-19,0,1089,,
44,Thu,31-Oct-19,7,1082,,
44,Mon,4-Nov-19,4,1078,,
44,Mon,9-Dec-19,35,1043,,
44,Thu,19-Dec-19,10,1033,,
44,Thu,13-Feb-20,56,977,,
44,Thu,3-Sep-20,203,774,,
44,Mon,5-Oct-20,32,742,,
44,Mon,2-Nov-20,28,714,,
44,Thu,5-Nov-20,3,711,,
44,Mon,16-Nov-20,11,700,,
44,Thu,14-Jan-21,59,641,,
44,Thu,18-Feb-21,35,606,,
44,Fri,26-Feb-21,8,598,,
44,Mon,22-Mar-21,24,574,,
44,Thu,25-Mar-21,3,571,,
44,Thu,1-Apr-21,7,564,,
44,Mon,31-May-21,60,504,,
44,Thu,24-Jun-21,24,480,,
44,Mon,19-Jul-21,25,455,,
44,Thu,22-Jul-21,3,452,,
44,Mon,2-Aug-21,11,441,,
44,Mon,6-Sep-21,35,406,,
44,Mon,13-Sep-21,7,399,,
44,Thu,23-Sep-21,10,389,,
44,Mon,27-Sep-21,4,385,,
44,Thu,30-Sep-21,3,382,,
44,Mon,18-Oct-21,18,364,,
44,Thu,4-Nov-21,17,347,,
44,Thu,25-Nov-21,21,326,,
44,Thu,23-Dec-21,28,298,,
44,Mon,27-Dec-21,4,294,,
44,Fri,7-Jan-22,11,283,,
44,Mon,10-Jan-22,3,280,,
44,Thu,3-Feb-22,24,256,,
44,Mon,21-Feb-22,18,238,,
44,Thu,3-Mar-22,10,228,,
44,Mon,28-Mar-22,25,203,,
44,Thu,7-Apr-22,10,193,,
44,Thu,14-Jul-22,98,95,,
44,Mon,25-Jul-22,11,84,,
44,Thu,11-Aug-22,17,67,,
44,Mon,22-Aug-22,11,56,,
44,Thu,29-Sep-22,38,18,,
45,Mon,14-Oct-19,0,1099,,
45,Thu,28-Nov-19,45,1054,,
45,Thu,12-Dec-19,14,1040,,
45,Fri,17-Jan-20,36,1004,,
45,Mon,17-Feb-20,31,973,,
45,Mon,7-Sep-20,203,770,,
45,Mon,14-Sep-20,7,763,,
45,Thu,24-Sep-20,10,753,,
45,Mon,23-Nov-20,60,693,,
45,Mon,14-Dec-20,21,672,,
45,Mon,28-Dec-20,14,658,,
45,Mon,10-May-21,133,525,,
45,Mon,14-Jun-21,35,490,,
45,Mon,12-Jul-21,28,462,,
45,Thu,22-Jul-21,10,452,,
45,Thu,14-Oct-21,84,368,,
45,Thu,4-Nov-21,21,347,,
45,Thu,18-Nov-21,14,333,,
45,Thu,23-Dec-21,35,298,,
45,Thu,17-Feb-22,56,242,,
45,Thu,10-Mar-22,21,221,,
45,Mon,14-Mar-22,4,217,,
45,Thu,24-Mar-22,10,207,,
45,Thu,31-Mar-22,7,200,,
45,Thu,5-May-22,35,165,,
45,Thu,26-May-22,21,144,,
45,Mon,13-Jun-22,18,126,,
45,Thu,16-Jun-22,3,123,,
45,Mon,1-Aug-22,46,77,,
45,Fri,5-Aug-22,4,73,,
45,Thu,15-Sep-22,41,32,,
45,Mon,19-Sep-22,4,28,,
46,Thu,7-Nov-19,0,1075,,
46,Mon,25-Nov-19,18,1057,,
46,Thu,28-Nov-19,3,1054,,
46,Thu,9-Jan-20,42,1012,,
46,Mon,27-Jan-20,18,994,,
46,Mon,10-Feb-20,14,980,,
46,Thu,27-Feb-20,17,963,,
46,Mon,2-Mar-20,4,959,,
46,Thu,26-Mar-20,24,935,,
46,Mon,17-Aug-20,144,791,,
46,Mon,31-Aug-20,14,777,,
46,Thu,15-Oct-20,45,732,,
46,Thu,29-Oct-20,14,718,,
46,Mon,9-Nov-20,11,707,,
46,Mon,28-Dec-20,49,658,,
46,Thu,11-Feb-21,45,613,,
46,Thu,11-Mar-21,28,585,,
46,Thu,15-Apr-21,35,550,,
46,Mon,17-May-21,32,518,,
46,Mon,26-Jul-21,70,448,,
46,Thu,28-Oct-21,94,354,,
46,Mon,3-Jan-22,67,287,,
46,Thu,10-Mar-22,66,221,,
46,Thu,12-May-22,63,158,,
46,Mon,16-May-22,4,154,,
46,Thu,19-May-22,3,151,,
46,Thu,2-Jun-22,14,137,,
46,Thu,23-Jun-22,21,116,,
46,Thu,8-Sep-22,77,39,,
46,Mon,26-Sep-22,18,21,,
46,Thu,29-Sep-22,3,18,,
46,Thu,6-Oct-22,7,11,,
47,Thu,17-Oct-19,0,1096,,
47,Mon,21-Oct-19,4,1092,,
47,Thu,31-Oct-19,10,1082,,
47,Thu,5-Dec-19,35,1047,,
47,Mon,6-Jan-20,32,1015,,
47,Thu,9-Jan-20,3,1012,,
47,Thu,23-Jan-20,14,998,,
47,Thu,30-Jan-20,7,991,,
47,Mon,24-Feb-20,25,966,,
47,Mon,9-Mar-20,14,952,,
47,Mon,16-Mar-20,7,945,,
47,Thu,19-Mar-20,3,942,,
47,Thu,2-Apr-20,14,928,,
47,Thu,25-Jun-20,84,844,,
47,Thu,3-Sep-20,70,774,,
47,Mon,14-Dec-20,102,672,,
47,Mon,28-Dec-20,14,658,,
47,Fri,1-Jan-21,4,654,,
47,Mon,11-Jan-21,10,644,,
47,Fri,5-Feb-21,25,619,,
47,Thu,11-Mar-21,34,585,,
47,Thu,13-May-21,63,522,,
47,Mon,28-Jun-21,46,476,,
47,Thu,19-Aug-21,52,424,,
47,Thu,14-Oct-21,56,368,,
47,Mon,25-Oct-21,11,357,,
47,Mon,3-Jan-22,70,287,,
47,Mon,14-Mar-22,70,217,,
47,Thu,17-Mar-22,3,214,,
47,Mon,25-Apr-22,39,175,,
47,Mon,30-May-22,35,140,,
47,Mon,6-Jun-22,7,133,,
47,Mon,18-Jul-22,42,91,,
47,Thu,21-Jul-22,3,88,,
47,Mon,1-Aug-22,11,77,,
47,Mon,5-Sep-22,35,42,,
47,Mon,10-Oct-22,35,7,,
48,Mon,21-Oct-19,0,1092,,
48,Thu,28-Nov-19,38,1054,,
48,Fri,17-Jan-20,50,1004,,
48,Mon,27-Jan-20,10,994,,
48,Thu,13-Feb-20,17,977,,
48,Mon,16-Mar-20,32,945,,
48,Thu,2-Jul-20,108,837,,
48,Mon,6-Jul-20,4,833,,
48,Thu,9-Jul-20,3,830,,
48,Thu,30-Jul-20,21,809,,
48,Thu,20-Aug-20,21,788,,
48,Thu,24-Sep-20,35,753,,
48,Thu,1-Oct-20,7,746,,
48,Mon,12-Oct-20,11,735,,
48,Thu,15-Oct-20,3,732,,
48,Mon,2-Nov-20,18,714,,
48,Thu,26-Nov-20,24,690,,
48,Mon,7-Dec-20,11,679,,
48,Mon,14-Dec-20,7,672,,
48,Mon,22-Feb-21,70,602,,
48,Fri,26-Feb-21,4,598,,
48,Mon,12-Apr-21,45,553,,
48,Thu,22-Apr-21,10,543,,
48,Thu,29-Jul-21,98,445,,
48,Mon,23-Aug-21,25,420,,
48,Thu,16-Sep-21,24,396,,
48,Thu,11-Nov-21,56,340,,
48,Mon,15-Nov-21,4,336,,
48,Thu,18-Nov-21,3,333,,
48,Thu,24-Feb-22,98,235,,
48,Mon,18-Apr-22,53,182,,
48,Thu,30-Jun-22,73,109,,
48,Thu,25-Aug-22,56,53,,
48,Thu,1-Sep-22,7,46,,
49,Thu,14-Nov-19,0,1068,,
49,Thu,30-Jan-20,77,991,,
49,Mon,3-Feb-20,4,987,,
49,Fri,7-Feb-20,4,983,,
49,Thu,27-Feb-20,20,963,,
49,Thu,12-Mar-20,14,949,,
49,Mon,23-Mar-20,11,938,,
49,Thu,25-Jun-20,94,844,,
49,Mon,26-Oct-20,123,721,,
49,Mon,2-Nov-20,7,714,,
49,Mon,30-Nov-20,28,686,,
49,Thu,11-Feb-21,73,613,,
49,Mon,12-Apr-21,60,553,,
49,Mon,26-Apr-21,14,539,,
49,Thu,12-Aug-21,108,431,,
49,Thu,26-Aug-21,14,417,,
49,Mon,20-Sep-21,25,392,,
49,Thu,7-Oct-21,17,375,,
49,Mon,18-Oct-21,11,364,,
49,Thu,11-Nov-21,24,340,,
49,Thu,2-Dec-21,21,319,,
49,Mon,13-Dec-21,11,308,,
49,Fri,7-Jan-22,25,283,,
49,Thu,3-Feb-22,27,256,,
49,Mon,28-Feb-22,25,231,,
49,Mon,14-Mar-22,14,217,,
49,Thu,17-Mar-22,3,214,,
49,Mon,11-Apr-22,25,189,,
49,Thu,2-Jun-22,52,137,,
49,Mon,20-Jun-22,18,119,,
49,Thu,23-Jun-22,3,116,,
49,Thu,7-Jul-22,14,102,,
49,Mon,8-Aug-22,32,70,,
49,Thu,22-Sep-22,45,25,,
49,Thu,29-Sep-22,7,18,,
